"sha256","path"
"7340641F4C03F5385B0CD9FE9F912817DC400B68BE2718CE4B3417B0676FD3A1","results\campaign_comparison.csv"
"851525F263DC2EDF3818929FC37E510115CC67235753FF28BC9632B93B267299","results\campaign_summary.json"
"25E55A0F5C8D6BC02FC372CFC9DAC1A066FD9F4C8971671CDC5424C265447DCE","results\campaign_summary.md"
"CC96A4F2675D5EE2C59B2BB3EB30D9E760FBD5BD8093552D34CB72AB55A3DBFE","results\paper_figure_1_spatial_map.csv"
"7AF010D29D1CA8C1394EAD4CCD17C1BDCFE21F5D0B7BD50B4C3F31EA76ABC657","results\paper_figure_2_distribution.csv"
"06599F5C348478242BBDA5EBC06966FCAAAE186C72A96CDBD2E56FCE3CB1B6BE","results\paper_table_II_summary.csv"
"B8E40ABF3354F5EB18F1D1D2889BB796A7DB368E08166771AFE50E72AE23768A","results\H_336h_gmin_0p0_integer_blocks\ac_branch_loading_top.csv"
"036C96EB04A136C40F5B056ECF64C1CEBB508F4436AAA503F5DF0AA9E19234AC","results\H_336h_gmin_0p0_integer_blocks\block_integrality_summary.json"
"78AF4D4DAC70015F1B08B0CFF14DD60D5678E4C499E330527BDEC801CC535C0C","results\H_336h_gmin_0p0_integer_blocks\block_variable_summary.json"
"E8CB5D95EBA6BB4BBBCC57B59F3205CEEE0093C5C9C9D3C1F3A1AF6F637068CB","results\H_336h_gmin_0p0_integer_blocks\capacity_summary.json"
"DCD2A6C5803E833EBF247571E6CA36A805845D1960F404064D1B2DF029D217DB","results\H_336h_gmin_0p0_integer_blocks\cost_summary.json"
"ABE5717779C6658A7F89DC90B082E8C289E451CBB44C8177FFC638B7C768C025","results\H_336h_gmin_0p0_integer_blocks\dcline_loading_top.csv"
"0D32343E245BA27B4159C634A864D466DFDDCD9689B0B4DE5388B902A57C7540","results\H_336h_gmin_0p0_integer_blocks\dispatch_by_carrier.csv"
"0F9C6046EC3762113899BFC8EA6B2328F216FA89DE9F1376B84F4F25CCD01603","results\H_336h_gmin_0p0_integer_blocks\gscr_constraint_summary.json"
"0F9C6046EC3762113899BFC8EA6B2328F216FA89DE9F1376B84F4F25CCD01603","results\H_336h_gmin_0p0_integer_blocks\gscr_summary.json"
"A892E68759CBE9D5710394DE4429A091B0F8BE2D96DEBF2AE8A37DA9C01FA939","results\H_336h_gmin_0p0_integer_blocks\gscr_weakest_constraints.csv"
"F441A1C606977C1A2106DA9681C17FF389350FD2624769C3F27B2F1169DCBD8D","results\H_336h_gmin_0p0_integer_blocks\investment_by_bus.csv"
"EDEAC62A0441C552FB06510076185C69F1481644BCFC67FC2BD6652DA8590B15","results\H_336h_gmin_0p0_integer_blocks\investment_by_carrier.csv"
"F8DF75D4AA9CEFA1A276ED230A7B8E307C655EBA2EB2ACC01ED857FF4C76481C","results\H_336h_gmin_0p0_integer_blocks\investment_summary.json"
"F9F91CD7316AA1A71EFBEDD6119FC849FCCFD1271A2E08C0EBBFB17409B6556D","results\H_336h_gmin_0p0_integer_blocks\node_binding_frequency.csv"
"FCE0B8367BC362D60993182271F6AE8488A32979F0526A74D243ED4ADC5D7914","results\H_336h_gmin_0p0_integer_blocks\objective_summary.json"
"A96049CE750B968747B57376326C0836AA38F0B15C8EA5D06A6A3E7CCF1866C3","results\H_336h_gmin_0p0_integer_blocks\online_schedule.csv"
"B34260EE0B70E395F82A20A1CE993AB728701CB02BABEB2C8732B9954E19DD3B","results\H_336h_gmin_0p0_integer_blocks\posthoc_strength_summary.json"
"45D84E4B465ECF6EE5235AE42971AAB6ABEB9784D711E4FBE2931C4795047CB6","results\H_336h_gmin_0p0_integer_blocks\posthoc_strength_timeseries.csv"
"33D5B89BFF29FFDE202CCD6936C1207B8EBD9AE4B334AFA750469140E0175336","results\H_336h_gmin_0p0_integer_blocks\residual_summary.json"
"90ED4CD3CEBB1E1945A107636848981282260E063CCD9E6D8ADA605F98D2B085","results\H_336h_gmin_0p0_integer_blocks\run_config.json"
"CCE65D0B0A26FD456054F73E4E01F21EC44042E63F522E52D729921BDF7B5B4E","results\H_336h_gmin_0p0_integer_blocks\run_report.md"
"F9F97F7BB859832F18E48279FA16383D912A82BC7D760C23AEE7484E5356ED3A","results\H_336h_gmin_0p0_integer_blocks\solver_summary.json"
"F3F860DBB8E81566DCF10A544EF18C7D41D4C41B170728E726E271FBC81F0229","results\H_336h_gmin_0p0_integer_blocks\storage_summary.json"
"37EB367F9FC1186586AA780D2D1E6D849CAACF593F291CC91438DB646DF26D81","results\H_336h_gmin_0p0_integer_blocks\storage_timeseries_summary.csv"
"B07C420166553B98E375F7B3A112DDADC0DFF948A7CD112C70B32D3F4FEEF598","results\H_336h_gmin_1p0_integer_blocks\ac_branch_loading_top.csv"
"036C96EB04A136C40F5B056ECF64C1CEBB508F4436AAA503F5DF0AA9E19234AC","results\H_336h_gmin_1p0_integer_blocks\block_integrality_summary.json"
"081EF98DD46BA77134B8C7948872608B7A3A498035B4A5AD1F1389BE22F8F287","results\H_336h_gmin_1p0_integer_blocks\block_variable_summary.json"
"E8CB5D95EBA6BB4BBBCC57B59F3205CEEE0093C5C9C9D3C1F3A1AF6F637068CB","results\H_336h_gmin_1p0_integer_blocks\capacity_summary.json"
"DCD2A6C5803E833EBF247571E6CA36A805845D1960F404064D1B2DF029D217DB","results\H_336h_gmin_1p0_integer_blocks\cost_summary.json"
"4A2903811001F93B42ECC98EC9D432730DAF0DBA7F021300891F325115D03F24","results\H_336h_gmin_1p0_integer_blocks\dcline_loading_top.csv"
"802E08BF270A5EBFFD622A1157CF84A425AF2B3E1F7C4AB894EC644E455C9DA0","results\H_336h_gmin_1p0_integer_blocks\dispatch_by_carrier.csv"
"708630E5349AD9D7956D6ADD5F21217774EAD9E6F1BD1317B8A08A6EE10A345B","results\H_336h_gmin_1p0_integer_blocks\gscr_constraint_summary.json"
"708630E5349AD9D7956D6ADD5F21217774EAD9E6F1BD1317B8A08A6EE10A345B","results\H_336h_gmin_1p0_integer_blocks\gscr_summary.json"
"D6B69E9874429BF97371816E4BD05A7353E9542605483EBB680FC9E0560B39A2","results\H_336h_gmin_1p0_integer_blocks\gscr_weakest_constraints.csv"
"F441A1C606977C1A2106DA9681C17FF389350FD2624769C3F27B2F1169DCBD8D","results\H_336h_gmin_1p0_integer_blocks\investment_by_bus.csv"
"EDEAC62A0441C552FB06510076185C69F1481644BCFC67FC2BD6652DA8590B15","results\H_336h_gmin_1p0_integer_blocks\investment_by_carrier.csv"
"F780D6F53B2ECB4F30EB8C14307DF047981EBA8F1874F7F3C77760C1980E76DD","results\H_336h_gmin_1p0_integer_blocks\investment_summary.json"
"6B570F73688FEE87C20C8F6E084944806FFCC82B11FADD6836865C415831CD25","results\H_336h_gmin_1p0_integer_blocks\node_binding_frequency.csv"
"655FF167C6DE8DB589BB4B379ADB7DB9E3BE08D1FEA51A67C6B51A6C3488EC7A","results\H_336h_gmin_1p0_integer_blocks\objective_summary.json"
"63EDEC014FF199015AA3061BBD31E0C1C31B3ECCFDD7AB97DDA661960EC3D723","results\H_336h_gmin_1p0_integer_blocks\online_schedule.csv"
"4B94CE563B4AA651EBB61A30D2306D83E0731F366BC735901941AB3B0C4A4CEF","results\H_336h_gmin_1p0_integer_blocks\posthoc_strength_summary.json"
"AA04559774E5E0793559AE90757582ADC3BD9D234572FBC057DFBBB54BDB0C73","results\H_336h_gmin_1p0_integer_blocks\posthoc_strength_timeseries.csv"
"F2017F1E86F6A8DBF7DD79493601071CF04476AB8CCFF95D4311F4AA5471EC82","results\H_336h_gmin_1p0_integer_blocks\residual_summary.json"
"3B6F9CA9634B667347D207C849A441EB732F196D9E5FA9088A7E2D3EF1063545","results\H_336h_gmin_1p0_integer_blocks\run_config.json"
"AA91D817494A9CFA6FB672F0B1CFBB5024325A927CC3494ED84F8D0ABF5CC4C5","results\H_336h_gmin_1p0_integer_blocks\run_report.md"
"1792E5951BD459EB6300CD00DD052BC65F36BB4819BDA92B0A47BEE86C89E3B5","results\H_336h_gmin_1p0_integer_blocks\solver_summary.json"
"F326C00AF93F0E1DC776A43B55B610224DBC3B773C31CE7D7CF7E230693ACB8C","results\H_336h_gmin_1p0_integer_blocks\storage_summary.json"
"6B0F604BAC7DCC604164E0BA0ED5614E8A5F2FB6721F9C8F8CA7AB548AF62E60","results\H_336h_gmin_1p0_integer_blocks\storage_timeseries_summary.csv"
"BF3358465D187E06AE5646F9FA1DD2AC803D9D2BCFB03C6A6909998008DCB7C0","results\H_336h_gmin_1p5_integer_blocks\ac_branch_loading_top.csv"
"036C96EB04A136C40F5B056ECF64C1CEBB508F4436AAA503F5DF0AA9E19234AC","results\H_336h_gmin_1p5_integer_blocks\block_integrality_summary.json"
"7E50812249B554C4277D583068082B7BD7FB97E42D25F3ACF1B7B5491EC576E7","results\H_336h_gmin_1p5_integer_blocks\block_variable_summary.json"
"E8CB5D95EBA6BB4BBBCC57B59F3205CEEE0093C5C9C9D3C1F3A1AF6F637068CB","results\H_336h_gmin_1p5_integer_blocks\capacity_summary.json"
"DCD2A6C5803E833EBF247571E6CA36A805845D1960F404064D1B2DF029D217DB","results\H_336h_gmin_1p5_integer_blocks\cost_summary.json"
"2A85CE6117524C1E25B5ECE600D39489EE3EE49FF4C81FD0FBB2C907721EBB8B","results\H_336h_gmin_1p5_integer_blocks\dcline_loading_top.csv"
"2FA99E95D0DB009733BECDC18E42EB587B96D67C792551A32ACD3062EE19841C","results\H_336h_gmin_1p5_integer_blocks\dispatch_by_carrier.csv"
"BB4DF1ED77E587955D75E06D3E47CE89466463479CEF5A4C2A3233E6F23BBB54","results\H_336h_gmin_1p5_integer_blocks\gscr_constraint_summary.json"
"BB4DF1ED77E587955D75E06D3E47CE89466463479CEF5A4C2A3233E6F23BBB54","results\H_336h_gmin_1p5_integer_blocks\gscr_summary.json"
"3BB9130EB0F8B297CBE7AC06D6DCD5A99E0B4CDDB40356D822D77395B73796B6","results\H_336h_gmin_1p5_integer_blocks\gscr_weakest_constraints.csv"
"F441A1C606977C1A2106DA9681C17FF389350FD2624769C3F27B2F1169DCBD8D","results\H_336h_gmin_1p5_integer_blocks\investment_by_bus.csv"
"EDEAC62A0441C552FB06510076185C69F1481644BCFC67FC2BD6652DA8590B15","results\H_336h_gmin_1p5_integer_blocks\investment_by_carrier.csv"
"7E4BC550E49C1C07C73E698ABF8273303F217588CD3B16F2214D5F6A3E3CC2FA","results\H_336h_gmin_1p5_integer_blocks\investment_summary.json"
"D6299E6E985EA188544A838577E6B988C60969580835438226277BFBD66604FC","results\H_336h_gmin_1p5_integer_blocks\node_binding_frequency.csv"
"19B8656731B8DBC004CD7526CACB10FADBD22F8306029D8F50FEFCC7389CF560","results\H_336h_gmin_1p5_integer_blocks\objective_summary.json"
"A7A22B5D85AEBBCADAD43383B01B6B5397E5D18572040438B06F06D83D6308A4","results\H_336h_gmin_1p5_integer_blocks\online_schedule.csv"
"67A5851DB1838C292145DC32BB0F5A894299489154701FDE10B7CADF03BC8E0D","results\H_336h_gmin_1p5_integer_blocks\posthoc_strength_summary.json"
"CC177D87F43DA37D18C750DF3664DAEAE178EBFFE1900A099A0912B913CDB696","results\H_336h_gmin_1p5_integer_blocks\posthoc_strength_timeseries.csv"
"ED9C8D9AFEE1AB9E067F020B6ED103CBC8AD7CEAD89069D6B2BE065D6C3905DA","results\H_336h_gmin_1p5_integer_blocks\residual_summary.json"
"372A05A604C904B79F72E18C4AE4765CC4CE766FD682BF6EC26D5D1C96299512","results\H_336h_gmin_1p5_integer_blocks\run_config.json"
"06BCD911B80C766CF508358D18579A742C8C9C1F48F0D4DD44C6888D5FF48BD6","results\H_336h_gmin_1p5_integer_blocks\run_report.md"
"734AE20475B7D950117B9DD4882B19207C91AC6390C386E85A5BC7EDEE897F96","results\H_336h_gmin_1p5_integer_blocks\solver_summary.json"
"9CE5289201D97D1F4C6206EECB62B8C327D1F5057B1CD33220C6C00B7916B028","results\H_336h_gmin_1p5_integer_blocks\storage_summary.json"
"34A4168DE3AD61E4369062BFCCA094EF4877D5F66675ECFA98572245D17E5820","results\H_336h_gmin_1p5_integer_blocks\storage_timeseries_summary.csv"
